{
    "kl_div_prompt": [
        0.0038543830160051584,
        0.0003381292335689068
    ],
    "kl_div_light_rephrase_1": [
        0.001394874881953001,
        0.0019991635344922543
    ],
    "kl_div_light_rephrase_2": [
        0.0008757469477131963,
        0.00021650595590472221
    ],
    "kl_div_light_rephrase_3": [
        0.0001563524128869176,
        0.00011196108243893832
    ],
    "kl_div_strong_rephrase": [
        0.0018209796398878098,
        0.00025801590527407825
    ],
    "kl_div_portability_synonym": [
        0.0004967621061950922,
        0.0025630444288253784
    ],
    "kl_div_portability_one_hop": [
        0.0009347170125693083,
        0.008953804150223732
    ],
    "kl_div_portability_two_hop": [
        0.0014249160885810852,
        0.019354447722434998
    ],
    "kl_div_locality_neighborhood": [
        0.0008474955102428794,
        0.00015376444207504392
    ],
    "kl_div_locality_distracting": [
        0.0020783725194633007,
        0.03141768276691437
    ]
}