{
    "kl_div_prompt": [
        0.003854588605463505,
        7.032163619995117
    ],
    "kl_div_light_rephrase_1": [
        6.089059352874756,
        6.780637264251709
    ],
    "kl_div_light_rephrase_2": [
        0.0013948790729045868,
        0.0019991397857666016
    ],
    "kl_div_light_rephrase_3": [
        8.056026458740234,
        10.379133224487305
    ],
    "kl_div_strong_rephrase": [
        9.024202346801758,
        0.024029860273003578
    ],
    "kl_div_portability_synonym": [
        9.625123023986816,
        0.024029860273003578
    ],
    "kl_div_portability_one_hop": [
        10.818903923034668,
        9.332275390625
    ],
    "kl_div_portability_two_hop": [
        4.386240005493164,
        8.886981964111328
    ],
    "kl_div_locality_neighborhood": [
        0.001820913515985012,
        0.0006233684835024178
    ],
    "kl_div_locality_distracting": [
        0.001820913515985012,
        9.0403470993042
    ]
}