{
    "kl_div_prompt": [
        [
            0.0038543830160051584
        ],
        [
            0.05628652125597
        ]
    ],
    "kl_div_light_rephrase_1": [
        [
            0.001394874881953001
        ],
        [
            0.0019991635344922543
        ]
    ],
    "kl_div_light_rephrase_2": [
        [
            0.0008757469477131963
        ],
        [
            0.024030014872550964
        ]
    ],
    "kl_div_light_rephrase_3": [
        [
            0.006595471873879433
        ],
        [
            0.009804628789424896
        ]
    ],
    "kl_div_strong_rephrase": [
        [
            0.0018209796398878098
        ],
        [
            0.000623548636212945
        ]
    ],
    "kl_div_portability_synonym": [
        [
            0.0078625762835145
        ],
        [
            0.023584438487887383
        ]
    ],
    "kl_div_portability_one_hop": [
        [
            0.02155313454568386
        ],
        [
            0.008953804150223732
        ]
    ],
    "kl_div_portability_two_hop": [
        [
            0.0014249160885810852
        ],
        [
            0.019354447722434998
        ]
    ],
    "kl_div_locality_neighborhood": [
        [
            0.17275986075401306
        ],
        [
            0.0233294814825058
        ]
    ],
    "kl_div_locality_distracting": [
        [
            0.0020783725194633007
        ],
        [
            0.03141768276691437
        ]
    ]
}