{
    "kl_div_locality_neighborhood": [
        [
            {
                "kl_div_first_token": 0.45908963680267334,
                "kl_div_differing_token": 0.47242188453674316,
                "kl_div_differing_token_index": 1
            }
        ],
        [
            {
                "kl_div_first_token": 0.508472740650177,
                "kl_div_differing_token": 4.752753257751465,
                "kl_div_differing_token_index": 1
            }
        ]
    ],
    "kl_div_locality_distracting": [
        [
            {
                "kl_div_first_token": 0.45618999004364014,
                "kl_div_differing_token": 9.886350631713867,
                "kl_div_differing_token_index": 1
            }
        ],
        [
            {
                "kl_div_first_token": 0.3746699094772339,
                "kl_div_differing_token": 6.403703212738037,
                "kl_div_differing_token_index": 1
            }
        ]
    ]
}