{
    "kl_div_prompt": [
        0.0018111502286046743
    ],
    "kl_div_light_rephrase_1": [
        5.48029088973999
    ],
    "kl_div_light_rephrase_2": [
        0.003901315852999687
    ],
    "kl_div_light_rephrase_3": [
        8.692113876342773
    ],
    "kl_div_strong_rephrase": [
        8.977235794067383
    ],
    "kl_div_portability_synonym": [
        9.666051864624023
    ],
    "kl_div_portability_one_hop": [
        0.0022015776485204697
    ],
    "kl_div_portability_two_hop": [
        0.0022015776485204697
    ],
    "kl_div_locality_neighborhood": [
        0.0023179100826382637
    ],
    "kl_div_locality_distracting": [
        0.0023179100826382637
    ]
}