{
    "kl_div_prompt": [
        3.603638987215163e-08
    ],
    "kl_div_light_rephrase_1": [
        3.1632783059620806e-09
    ],
    "kl_div_light_rephrase_2": [
        1.3609699145433751e-08
    ],
    "kl_div_light_rephrase_3": [
        2.2337023342089424e-09
    ],
    "kl_div_strong_rephrase": [
        4.6123751928917045e-08
    ],
    "kl_div_portability_synonym": [
        6.045841161039789e-09
    ],
    "kl_div_portability_one_hop": [
        1.3539589893696302e-08
    ],
    "kl_div_portability_two_hop": [
        2.8869164836464734e-08
    ],
    "kl_div_locality_neighborhood": [
        6.924843365396782e-09
    ],
    "kl_div_locality_distracting": [
        4.028270836897718e-07
    ]
}