{
    "kl_div_prompt": 3.2575716972351074,
    "kl_div_light_rephrase_1": 0.18377187848091125,
    "kl_div_light_rephrase_2": 5.559823989868164,
    "kl_div_light_rephrase_3": 0.4519442915916443,
    "kl_div_strong_rephrase": 4.522171497344971,
    "kl_div_portability_synonym": 4.338998317718506,
    "kl_div_portability_one_hop": 0.3477734923362732,
    "kl_div_portability_two_hop": 1.9555813074111938,
    "kl_div_locality_neighborhood": 2.98237681388855,
    "kl_div_locality_distracting": 1.8344920873641968,
    "kl_div_prompt_amongst_all_tokens": [
        86.72631455003284,
        17.508024215698242,
        3
    ],
    "kl_div_light_rephrase_1_amongst_all_tokens": [
        49.15015052142553,
        13.085709571838379,
        5
    ],
    "kl_div_light_rephrase_2_amongst_all_tokens": [
        99.23936998844147,
        15.539122581481934,
        2
    ],
    "kl_div_light_rephrase_3_amongst_all_tokens": [
        95.54213215783238,
        17.957380294799805,
        6
    ],
    "kl_div_strong_rephrase_amongst_all_tokens": [
        104.48797583580017,
        14.546652793884277,
        8
    ],
    "kl_div_portability_synonym_amongst_all_tokens": [
        120.67489194869995,
        18.43569564819336,
        7
    ],
    "kl_div_portability_one_hop_amongst_all_tokens": [
        76.43787401914597,
        15.956695556640625,
        7
    ],
    "kl_div_portability_two_hop_amongst_all_tokens": [
        77.78757131099701,
        14.733445167541504,
        3
    ],
    "kl_div_locality_neighborhood_amongst_all_tokens": [
        99.67421293258667,
        17.20001983642578,
        5
    ],
    "kl_div_locality_distracting_amongst_all_tokens": [
        118.8559707403183,
        18.713830947875977,
        6
    ]
}