{
    "kl_div_prompt": 0.0009963447228074074,
    "kl_div_light_rephrase_1": 0.0033014100044965744,
    "kl_div_light_rephrase_2": 0.002385984407737851,
    "kl_div_light_rephrase_3": 0.0015145735815167427,
    "kl_div_strong_rephrase": 0.001840631477534771,
    "kl_div_portability_synonym": 0.0013053659349679947,
    "kl_div_portability_one_hop": 0.002419444266706705,
    "kl_div_portability_two_hop": 0.00166370440274477,
    "kl_div_locality_neighborhood": 0.00043818005360662937,
    "kl_div_locality_distracting": 0.0009896764531731606
}