{
    "kl_div_prompt": [
        [
            0.003854528069496155,
            6.089059829711914
        ],
        [
            0.056286465376615524,
            6.780635833740234
        ]
    ],
    "kl_div_light_rephrase_1": [
        [
            0.0013949386775493622,
            8.05602741241455
        ],
        [
            0.001999101135879755,
            10.379135131835938
        ]
    ],
    "kl_div_light_rephrase_2": [
        [
            9.02420425415039,
            9.625118255615234
        ],
        [
            0.024029653519392014,
            0.02402990311384201
        ]
    ],
    "kl_div_light_rephrase_3": [
        [
            0.006595432758331299,
            4.386239051818848
        ],
        [
            9.332275390625,
            8.886981964111328
        ]
    ],
    "kl_div_strong_rephrase": [
        [
            0.0018208990804851055,
            0.001821272075176239
        ],
        [
            0.0006240554503165185,
            0.0006237266352400184
        ]
    ],
    "kl_div_portability_synonym": [
        [
            7.779685974121094,
            6.034995079040527
        ],
        [
            0.023584449663758278,
            0.0009621204808354378
        ]
    ],
    "kl_div_portability_one_hop": [
        [
            2.206254005432129,
            1.9082770347595215
        ],
        [
            0.00895363837480545,
            0.0056272950023412704
        ]
    ],
    "kl_div_portability_two_hop": [
        [
            0.0014250855892896652,
            5.80383825302124
        ],
        [
            0.019354885444045067,
            0.01935509964823723
        ]
    ],
    "kl_div_locality_neighborhood": [
        [
            0.17276020348072052,
            6.458100318908691
        ],
        [
            0.02332935482263565,
            6.627599716186523
        ]
    ],
    "kl_div_locality_distracting": [
        [
            10.855633735656738,
            3.2365050315856934
        ],
        [
            0.16976486146450043,
            8.705582618713379
        ]
    ]
}