{
    "kl_div_prompt": 0.0011625909246504307,
    "kl_div_light_rephrase_1": 0.003834005445241928,
    "kl_div_light_rephrase_2": 0.004422302357852459,
    "kl_div_light_rephrase_3": 0.0020014848560094833,
    "kl_div_strong_rephrase": 0.0030337348580360413,
    "kl_div_portability_synonym": 0.0022418959997594357,
    "kl_div_portability_one_hop": 0.003166044596582651,
    "kl_div_portability_two_hop": 0.0021628206595778465,
    "kl_div_locality_neighborhood": 0.0005822831299155951,
    "kl_div_locality_distracting": 0.0018460704013705254
}