{
    "kl_div_prompt": [
        [
            0.0018110808450728655
        ]
    ],
    "kl_div_light_rephrase_1": [
        [
            0.003901079297065735
        ]
    ],
    "kl_div_light_rephrase_2": [
        [
            0.0006839826819486916
        ]
    ],
    "kl_div_light_rephrase_3": [
        [
            0.0022017676383256912
        ]
    ],
    "kl_div_strong_rephrase": [
        [
            0.0023180413991212845
        ]
    ],
    "kl_div_portability_synonym": [
        [
            0.005110347177833319
        ]
    ],
    "kl_div_portability_one_hop": [
        [
            0.00527569092810154
        ]
    ],
    "kl_div_portability_two_hop": [
        [
            0.0014508776366710663
        ]
    ],
    "kl_div_locality_neighborhood": [
        [
            0.004541914444416761
        ]
    ],
    "kl_div_locality_distracting": [
        [
            0.020244881510734558
        ]
    ]
}