{
    "kl_div_prompt": 0.001978372223675251,
    "kl_div_light_rephrase_1": 0.004570802673697472,
    "kl_div_light_rephrase_2": 0.006800797302275896,
    "kl_div_light_rephrase_3": 0.002459789626300335,
    "kl_div_strong_rephrase": 0.0028101718053221703,
    "kl_div_portability_synonym": 0.0022151516750454903,
    "kl_div_portability_one_hop": 0.006253024563193321,
    "kl_div_portability_two_hop": 0.004280092194676399,
    "kl_div_locality_neighborhood": 0.0011577396653592587,
    "kl_div_locality_distracting": 0.0019461633637547493
}