{
    "kl_div_locality_neighborhood": [
        [
            {
                "kl_div_first_token": 0.004541893023997545,
                "kl_div_differing_token": 0.004541893023997545,
                "kl_div_differing_token_index": -1
            },
            {
                "kl_div_first_token": 0.004541893023997545,
                "kl_div_differing_token": 0.026354894042015076,
                "kl_div_differing_token_index": 9
            }
        ]
    ],
    "kl_div_locality_distracting": [
        [
            {
                "kl_div_first_token": 0.02024470642209053,
                "kl_div_differing_token": 0.02024470642209053,
                "kl_div_differing_token_index": -1
            },
            {
                "kl_div_first_token": 0.020244799554347992,
                "kl_div_differing_token": 0.0011295829899609089,
                "kl_div_differing_token_index": 9
            }
        ]
    ]
}