{
    "kl_div_prompt": [
        [
            0.003854588605463505,
            6.089059352874756
        ],
        [
            7.03216552734375,
            6.780634880065918
        ]
    ],
    "kl_div_light_rephrase_1": [
        [
            0.0013948790729045868,
            8.056029319763184
        ],
        [
            0.0019990652799606323,
            10.37913703918457
        ]
    ],
    "kl_div_light_rephrase_2": [
        [
            9.024202346801758,
            9.62511920928955
        ],
        [
            0.02402990311384201,
            0.024030160158872604
        ]
    ],
    "kl_div_light_rephrase_3": [
        [
            10.818903923034668,
            4.386240482330322
        ],
        [
            9.332277297973633,
            8.886981964111328
        ]
    ],
    "kl_div_strong_rephrase": [
        [
            0.001820913515985012,
            0.001821228303015232
        ],
        [
            0.0006238918867893517,
            9.040349960327148
        ]
    ],
    "kl_div_portability_synonym": [
        [
            7.7796854972839355,
            6.034993648529053
        ],
        [
            0.00735135842114687,
            0.0009622238576412201
        ]
    ],
    "kl_div_portability_one_hop": [
        [
            2.2062573432922363,
            1.9082738161087036
        ],
        [
            0.008953695185482502,
            0.005627194419503212
        ]
    ],
    "kl_div_portability_two_hop": [
        [
            0.0014250241219997406,
            5.803840637207031
        ],
        [
            0.019354671239852905,
            0.019354797899723053
        ]
    ],
    "kl_div_locality_neighborhood": [
        [
            9.208915710449219,
            6.458101272583008
        ],
        [
            0.023329459130764008,
            6.627598762512207
        ]
    ],
    "kl_div_locality_distracting": [
        [
            10.855632781982422,
            3.2365036010742188
        ],
        [
            0.03141726553440094,
            8.705582618713379
        ]
    ]
}