{
    "kl_div_locality_neighborhood": [
        [
            {
                "kl_div_first_token": 0.005360321141779423,
                "kl_div_differing_token": 0.0007102489471435547,
                "kl_div_differing_token_index": 2
            },
            {
                "kl_div_first_token": 0.005359903909265995,
                "kl_div_differing_token": 10.088147163391113,
                "kl_div_differing_token_index": 2
            }
        ]
    ],
    "kl_div_locality_distracting": [
        [
            {
                "kl_div_first_token": 0.0038894792087376118,
                "kl_div_differing_token": 4.073225021362305,
                "kl_div_differing_token_index": 2
            },
            {
                "kl_div_first_token": 0.0038896040059626102,
                "kl_div_differing_token": 0.00027668033726513386,
                "kl_div_differing_token_index": 2
            }
        ]
    ]
}