{
    "kl_div_locality_neighborhood": [
        [
            {
                "kl_div_first_token": 2.9569036960601807,
                "kl_div_differing_token": 2.9569036960601807,
                "kl_div_differing_token_index": 0
            }
        ],
        [
            {
                "kl_div_first_token": 3.3232197761535645,
                "kl_div_differing_token": 3.3232197761535645,
                "kl_div_differing_token_index": 0
            }
        ]
    ],
    "kl_div_locality_distracting": [
        [
            {
                "kl_div_first_token": 1.7599304914474487,
                "kl_div_differing_token": 1.7599304914474487,
                "kl_div_differing_token_index": 0
            }
        ],
        [
            {
                "kl_div_first_token": 0.6962063908576965,
                "kl_div_differing_token": 0.6962063908576965,
                "kl_div_differing_token_index": 0
            }
        ]
    ]
}