{
    "kl_div_prompt": 0.0018110808450728655,
    "kl_div_light_rephrase_1": 0.000158976879902184,
    "kl_div_light_rephrase_2": 0.0006839826819486916,
    "kl_div_light_rephrase_3": 0.00011225917842239141,
    "kl_div_strong_rephrase": 0.0023180413991212845,
    "kl_div_portability_synonym": 0.0003038458526134491,
    "kl_div_portability_one_hop": 0.0006804591976106167,
    "kl_div_portability_two_hop": 0.0014508776366710663,
    "kl_div_locality_neighborhood": 0.0003480218583717942,
    "kl_div_locality_distracting": 0.020244881510734558
}