{
    "kl_div_prompt": [
        0.0018110254313796759
    ],
    "kl_div_light_rephrase_1": [
        12.514714241027832
    ],
    "kl_div_light_rephrase_2": [
        11.064709663391113
    ],
    "kl_div_light_rephrase_3": [
        13.678971290588379
    ],
    "kl_div_strong_rephrase": [
        10.905404090881348
    ],
    "kl_div_portability_synonym": [
        8.06897258758545
    ],
    "kl_div_portability_one_hop": [
        6.753298282623291
    ],
    "kl_div_portability_two_hop": [
        7.507984638214111
    ],
    "kl_div_locality_neighborhood": [
        11.809076309204102
    ],
    "kl_div_locality_distracting": [
        12.661952018737793
    ]
}