{
    "prompt": 0.011279191821813583,
    "light_rephrase_1": 0.003901079297065735,
    "light_rephrase_2": 0.006974481977522373,
    "light_rephrase_3": 0.0022017676383256912,
    "strong_rephrase": 0.0023180413991212845,
    "portability_synonym": 0.005110347177833319,
    "portability_one_hop": 0.00527569092810154,
    "portability_two_hop": 0.0038933102041482925,
    "locality_neighborhood": 0.004541914444416761,
    "locality_distracting": 0.020244881510734558
}