{
    "kl_div_prompt": 7.233310222625732,
    "kl_div_light_rephrase_1": 0.0019618812948465347,
    "kl_div_light_rephrase_2": 0.0008677318692207336,
    "kl_div_light_rephrase_3": 0.0005813213065266609,
    "kl_div_strong_rephrase": 0.0009415172971785069,
    "kl_div_portability_synonym": 0.0008149635978043079,
    "kl_div_portability_one_hop": 0.0037797922268509865,
    "kl_div_portability_two_hop": 0.003041201736778021,
    "kl_div_locality_neighborhood": 0.00046860240399837494,
    "kl_div_locality_distracting": 0.0016448800452053547
}