{
    "kl_div_prompt": 0.011279191821813583,
    "kl_div_light_rephrase_1": 0.003901079297065735,
    "kl_div_light_rephrase_2": 0.006974481977522373,
    "kl_div_light_rephrase_3": 0.0022017676383256912,
    "kl_div_strong_rephrase": 0.0023180413991212845,
    "kl_div_portability_synonym": 0.005110347177833319,
    "kl_div_portability_one_hop": 0.00527569092810154,
    "kl_div_portability_two_hop": 0.0038933102041482925,
    "kl_div_locality_neighborhood": 0.004541914444416761,
    "kl_div_locality_distracting": 0.020244881510734558,
    "kl_div_prompt_amongst_all_tokens": [
        78.5025726754684,
        12.240228652954102,
        5
    ],
    "kl_div_light_rephrase_1_amongst_all_tokens": [
        0.07161160552641377,
        0.06059011071920395,
        1
    ],
    "kl_div_light_rephrase_2_amongst_all_tokens": [
        0.12018987530609593,
        0.10389977693557739,
        7
    ],
    "kl_div_light_rephrase_3_amongst_all_tokens": [
        0.06731384561862797,
        0.058205246925354004,
        1
    ],
    "kl_div_strong_rephrase_amongst_all_tokens": [
        78.31274570710957,
        16.0045108795166,
        5
    ],
    "kl_div_portability_synonym_amongst_all_tokens": [
        0.019233828643336892,
        0.005434315651655197,
        2
    ],
    "kl_div_portability_one_hop_amongst_all_tokens": [
        0.015128304628888145,
        0.00527569092810154,
        0
    ],
    "kl_div_portability_two_hop_amongst_all_tokens": [
        39.969385550764855,
        9.787121772766113,
        6
    ],
    "kl_div_locality_neighborhood_amongst_all_tokens": [
        0.03182008786825463,
        0.01595759019255638,
        7
    ],
    "kl_div_locality_distracting_amongst_all_tokens": [
        84.77105598151684,
        17.35183334350586,
        6
    ]
}