{
    "kl_div_prompt": 0.004698002710938454,
    "kl_div_light_rephrase_1": 0.004648666828870773,
    "kl_div_light_rephrase_2": 0.005547699052840471,
    "kl_div_light_rephrase_3": 0.0023834817111492157,
    "kl_div_strong_rephrase": 0.003160199150443077,
    "kl_div_portability_synonym": 0.003130886470898986,
    "kl_div_portability_one_hop": 0.004880959168076515,
    "kl_div_portability_two_hop": 0.003177853301167488,
    "kl_div_locality_neighborhood": 0.0015413814689964056,
    "kl_div_locality_distracting": 0.010895248502492905
}